0,0,0,0,0,0,0,0,0,0,0,0,0,0,0,0,0,0,0,0,0,0,0,0,0,0,0,0,0,0,0,0,0,0,0,0,0,0,0,0,0,0,0,0,0,0,0,0,0,0,0,0,0,0,0,0,0,0,0,0,0,0,0,0,0,0,0,0,0,0,0,0,0,0,0,0,0,0,0,0,0
0,7.46358e-06,1.49226e-05,2.23727e-05,2.98095e-05,3.72289e-05,4.46274e-05,5.20018e-05,5.93495e-05,6.66685e-05,7.39578e-05,8.12166e-05,8.84445e-05,9.56408e-05,0.000102803,0.000109929,0.000117009,0.000124032,0.000130982,0.000137835,0.000144564,0.000151134,0.00015751,0.00016365,0.000169515,0.000175063,0.000180258,0.000185063,0.000189447,0.000193382,0.000196845,0.000199817,0.000202284,0.000204236,0.000205668,0.000206579,0.000206969,0.000206844,0.000206212,0.000205085,0.000203477,0.000201404,0.000198885,0.000195943,0.0001926,0.000188883,0.000184821,0.000180443,0.000175783,0.000170874,0.000165753,0.000160456,0.000155021,0.000149484,0.000143883,0.000138252,0.000132622,0.000127021,0.000121468,0.00011598,0.000110563,0.000105217,9.99329e-05,9.46975e-05,8.94911e-05,8.42922e-05,7.90787e-05,7.38304e-05,6.85302e-05,6.31657e-05,5.77288e-05,5.2216e-05,4.66279e-05,4.09681e-05,3.52425e-05,2.94592e-05,2.36267e-05,1.77548e-05,1.18531e-05,5.93149e-06,0
0,1.49337e-05,2.98583e-05,4.47647e-05,5.96441e-05,7.44884e-05,8.929e-05,0.000104042,0.000118741,0.000133381,0.00014796,0.000162478,0.000176935,0.000191331,0.000205662,0.000219923,0.0002341,0.000248171,0.000262104,0.000275851,0.000289357,0.000302551,0.000315359,0.000327698,0.000339485,0.000350638,0.000361079,0.000370735,0.000379543,0.000387446,0.000394398,0.000400362,0.000405311,0.000409224,0.00041209,0.000413908,0.000414681,0.000414419,0.000413139,0.000410865,0.000407625,0.000403451,0.000398383,0.000392463,0.00038574,0.000378265,0.000370097,0.000361295,0.000351925,0.000342056,0.000331761,0.000321113,0.000310188,0.000299063,0.000287811,0.000276504,0.000265205,0.000253971,0.000242845,0.000231858,0.000221025,0.000210344,0.000199797,0.000189354,0.000178972,0.000168606,0.000158208,0.000147736,0.000137154,0.000126436,0.000115567,0.000104541,9.33594e-05,8.20309e-05,7.05687e-05,5.89891e-05,4.73106e-05,3.55525e-05,2.37348e-05,1.18773e-05,0
0,2.24173e-05,4.48205e-05,6.71959e-05,8.95299e-05,0.00011181,0.000134024,0.000156162,0.000178216,0.000200181,0.000222052,0.00024383,0.000265517,0.000287114,0.000308624,0.000330039,0.000351346,0.000372513,0.000393494,0.000414219,0.000434599,0.000454528,0.000473886,0.000492544,0.000510372,0.000527242,0.000543033,0.000557633,0.000570944,0.000582882,0.000593378,0.000602374,0.000609831,0.000615721,0.000620027,0.000622746,0.000623886,0.000623462,0.000621502,0.00061804,0.000613119,0.00060679,0.000599109,0.000590144,0.000579964,0.00056865,0.000556287,0.000542967,0.000528788,0.000513856,0.000498278,0.00048217,0.000465646,0.000448825,0.000431821,0.000414745,0.000397697,0.000380767,0.000364024,0.000347517,0.00033127,0.000315279,0.000299514,0.000283922,0.000268432,0.000252966,0.000237446,0.0002218,0.000205973,0.000189925,0.000173633,0.00015709,0.000140303,0.000123287,0.000106064,8.86619e-05,7.11092e-05,5.34364e-05,3.56738e-05,1.78517e-05,0
0,2.99212e-05,5.98232e-05,8.96871e-05,0.000119494,0.000149227,0.000178869,0.000208405,0.000237823,0.000267116,0.00029628,0.000325315,0.000354228,0.000383028,0.000411723,0.000440315,0.000468794,0.000497127,0.000525255,0.000553086,0.000580495,0.000607332,0.000633424,0.00065859,0.000682644,0.000705405,0.000726705,0.000746391,0.000764328,0.000780402,0.00079452,0.000806609,0.000816615,0.000824503,0.000830254,0.000833865,0.000835347,0.000834724,0.000832033,0.000827322,0.000820647,0.000812078,0.000801692,0.000789577,0.000775827,0.00076055,0.000743859,0.000725879,0.000706741,0.000686587,0.000665564,0.000643827,0.000621537,0.000598854,0.000575939,0.000552947,0.000530024,0.000507295,0.000484864,0.000462803,0.000441147,0.00041989,0.000398983,0.000378343,0.000357859,0.000337407,0.000316865,0.000296127,0.000275112,0.000253766,0.00023206,0.000209993,0.000187577,0.000164841,0.000141819,0.000118552,9.50813e-05,7.14498e-05,4.76988e-05,2.3869e-05,0
0,3.74529e-05,7.48813e-05,0.000112261,0.000149567,0.000186777,0.000223867,0.000260818,0.000297613,0.00033424,0.000370694,0.000406979,0.000443106,0.000479096,0.000514974,0.000550759,0.000586456,0.000622042,0.00065745,0.000692564,0.000727221,0.000761212,0.000794303,0.000826243,0.000856782,0.000885679,0.000912709,0.000937673,0.0009604,0.000980745,0.000998592,0.00101385,0.00102646,0.00103637,0.00104357,0.00104806,0.00104985,0.00104897,0.00104548,0.00103944,0.00103091,0.00101999,0.00100677,0.000991368,0.000973897,0.000954491,0.000933295,0.000910464,0.000886164,0.000860574,0.000833882,0.000806288,0.000777997,0.00074922,0.00072017,0.000691056,0.000662072,0.000633397,0.000605175,0.00057751,0.000550454,0.000523999,0.000498071,0.000472543,0.000447243,0.000421979,0.000396568,0.000370856,0.00034473,0.000318124,0.000291011,0.000263398,0.000235315,0.000206807,0.000177928,0.000148735,0.000119286,8.96356e-05,5.98377e-05,2.99428e-05,0
0,4.50202e-05,9.00104e-05,0.000134941,0.00017978,0.000224499,0.000269068,0.000313459,0.000357647,0.000401616,0.000445356,0.000488873,0.000532185,0.000575331,0.000618362,0.000661332,0.000704284,0.000747218,0.000790073,0.000832709,0.00087491,0.000916395,0.000956844,0.000995922,0.00103329,0.00106865,0.00110169,0.00113219,0.00115991,0.00118469,0.0012064,0.00122492,0.00124019,0.00125215,0.0012608,0.00126614,0.00126819,0.001267,0.00126262,0.00125513,0.00124463,0.00123122,0.00121501,0.00119614,0.00117476,0.00115102,0.00112509,0.00109717,0.00106745,0.00103615,0.00100351,0.000969757,0.000935161,0.000899985,0.000864501,0.000828979,0.000793683,0.00075885,0.000724687,0.000691343,0.0006589,0.000627349,0.000596588,0.000566419,0.000536577,0.000506765,0.000476707,0.000446182,0.000415043,0.000383214,0.000350684,0.000317482,0.000283665,0.000249309,0.00021449,0.000179289,0.000143781,0.000108035,7.21164e-05,3.60858e-05,0
0,5.26311e-05,0.000105227,0.000157752,0.000210169,0.00026244,0.000314527,0.000366393,0.000418001,0.000469324,0.000520345,0.000571064,0.000621509,0.000671737,0.000721842,0.00077194,0.000822142,0.000872513,0.000923017,0.000973489,0.00102364,0.00107308,0.00112137,0.00116807,0.00121272,0.00125494,0.00129437,0.00133069,0.00136367,0.00139309,0.0014188,0.00144069,0.00145868,0.00147272,0.00148282,0.00148897,0.00149122,0.00148961,0.00148424,0.00147518,0.00146255,0.00144648,0.00142709,0.00140455,0.00137903,0.0013507,0.00131977,0.00128647,0.00125102,0.00121368,0.00117473,0.00113445,0.00109317,0.0010512,0.00100889,0.000966585,0.000924629,0.000883345,0.000843022,0.000803885,0.000766064,0.000729568,0.000694254,0.000659828,0.000625869,0.000591909,0.000557523,0.000522396,0.000486349,0.000449318,0.000411327,0.000372451,0.000332796,0.000292476,0.000251605,0.000210287,0.000168618,0.000126683,8.45571e-05,4.23086e-05,0
0,6.02932e-05,0.000120547,0.00018072,0.000240769,0.000300648,0.000360309,0.0004197,0.00047877,0.000537472,0.000595772,0.000653656,0.000711148,0.000768327,0.00082534,0.000882402,0.000939764,0.000997625,0.00105602,0.00111474,0.00117339,0.00123142,0.00128821,0.00134315,0.00139568,0.00144528,0.00149152,0.00153404,0.00157256,0.00160684,0.00163672,0.00166208,0.00168286,0.001699,0.00171052,0.00171744,0.0017198,0.00171768,0.00171117,0.00170039,0.00168546,0.00166652,0.00164373,0.00161727,0.00158734,0.00155413,0.00151789,0.00147887,0.00143732,0.00139354,0.00134786,0.00130061,0.00125216,0.00120291,0.00115328,0.0011037,0.00105461,0.00100646,0.000959656,0.000914535,0.000871326,0.000830088,0.000790647,0.000752566,0.000715168,0.000677672,0.000639407,0.000599938,0.000559074,0.000516808,0.000473245,0.000428545,0.000382886,0.00033644,0.000289363,0.000241791,0.00019384,0.000145606,9.71753e-05,4.86182e-05,0
0,6.80131e-05,0.000135984,0.000203867,0.000271615,0.000339174,0.000406482,0.000473472,0.000540072,0.000606205,0.000671802,0.000736817,0.000801244,0.000865162,0.000928773,0.000992441,0.00105667,0.00112198,0.00118855,0.00125612,0.00132406,0.00139155,0.00145772,0.00152173,0.00158285,0.00164046,0.00169404,0.00174317,0.00178755,0.00182694,0.00186116,0.0018901,0.00191371,0.00193196,0.00194487,0.00195247,0.00195485,0.00195208,0.00194428,0.00193159,0.00191414,0.00189211,0.00186566,0.00183501,0.00180036,0.00176196,0.00172004,0.0016749,0.00162683,0.00157616,0.00152326,0.0014685,0.00141232,0.00135519,0.0012976,0.0012401,0.00118325,0.00112765,0.00107387,0.00102244,0.000973756,0.000928024,0.000885088,0.000844326,0.000804611,0.000764545,0.000723028,0.000679493,0.000633823,0.00058617,0.000536803,0.000486023,0.000434112,0.000381316,0.000327837,0.000273843,0.000219468,0.000164816,0.000109975,5.5016e-05,0
0,7.57948e-05,0.000151547,0.000227212,0.000302737,0.000378062,0.000453116,0.000527812,0.00060205,0.000675713,0.000748679,0.000820829,0.000892081,0.000962447,0.00103213,0.00110167,0.00117205,0.00124452,0.00131964,0.00139696,0.00147538,0.0015536,0.00163034,0.00170448,0.00177511,0.00184146,0.00190296,0.00195917,0.00200976,0.00205449,0.00209321,0.00212582,0.0021523,0.00217263,0.00218687,0.00219506,0.00219731,0.00219374,0.00218446,0.00216964,0.00214945,0.00212406,0.00209368,0.00205852,0.00201882,0.00197484,0.00192685,0.00187516,0.0018201,0.00176202,0.00170133,0.00163845,0.00157387,0.00150813,0.00144181,0.00137556,0.00131011,0.00124623,0.00118471,0.00112638,0.00107195,0.00102194,0.000976405,0.000934583,0.000894563,0.000853515,0.000809558,0.000762126,0.000711433,0.000658001,0.000602399,0.000545133,0.000486617,0.000427174,0.000367055,0.000306448,0.000245494,0.0001843,0.000122946,6.1496e-05,0
0,8.36383e-05,0.000167239,0.000250759,0.000334149,0.000417345,0.000500269,0.000582818,0.00066486,0.000746232,0.000826736,0.00090614,0.0009842,0.00106072,0.00113571,0.00120971,0.00128443,0.00136326,0.00144759,0.00153623,0.00162702,0.00171779,0.00180671,0.00189233,0.00197352,0.00204946,0.00211953,0.00218328,0.00224041,0.00229071,0.00233406,0.00237041,0.00239975,0.00242211,0.00243757,0.00244623,0.00244819,0.00244362,0.00243265,0.00241546,0.00239225,0.00236322,0.00232858,0.00228858,0.00224346,0.00219351,0.00213901,0.0020803,0.00201772,0.00195166,0.00188255,0.00181085,0.00173711,0.0016619,0.00158591,0.0015099,0.00143473,0.00136139,0.00129098,0.00122469,0.00116378,0.00110942,0.00106238,0.00102225,0.000986003,0.000946676,0.000901099,0.000849458,0.00079299,0.000732962,0.000670396,0.000606047,0.000540457,0.00047401,0.000406979,0.000339553,0.000271867,0.000204014,0.000136058,6.80422e-05,0
0,9.15372e-05,0.000183047,0.000274495,0.000365841,0.000457025,0.000547968,0.000638556,0.000728639,0.000818009,0.000906385,0.000993394,0.00107854,0.00116121,0.00124072,0.00131671,0.00139092,0.00147406,0.00156936,0.00167242,0.00177868,0.00188466,0.00198786,0.00208655,0.00217953,0.00226594,0.00234521,0.00241695,0.00248092,0.00253696,0.00258503,0.00262512,0.00265726,0.00268156,0.00269811,0.00270704,0.00270852,0.00270272,0.0026898,0.00266998,0.00264346,0.00261047,0.00257123,0.00252602,0.00247509,0.00241873,0.00235726,0.00229102,0.00222037,0.00214572,0.0020675,0.00198623,0.00190245,0.00181682,0.00173005,0.00164302,0.00155673,0.00147236,0.00139132,0.00131528,0.00124618,0.00118637,0.00113841,0.00110434,0.00108188,0.00104884,0.00100138,0.000943748,0.000879676,0.000811583,0.000740965,0.000668753,0.000595534,0.000521692,0.000447472,0.000373035,0.000298484,0.000223879,0.000149255,7.46271e-05,0
0,9.94771e-05,0.000198943,0.000298383,0.000397769,0.000497058,0.000596179,0.000695029,0.000793452,0.000891222,0.00098801,0.00108333,0.00117647,0.00126627,0.00135078,0.0014263,0.00148456,0.00156737,0.00167995,0.00180401,0.00193078,0.00205553,0.00217552,0.00228903,0.002395,0.00249272,0.00258175,0.00266184,0.00273285,0.00279473,0.00284752,0.00289127,0.00292611,0.00295218,0.00296962,0.00297863,0.00297938,0.00297207,0.00295693,0.00293417,0.00290402,0.00286672,0.00282253,0.00277171,0.00271454,0.00265133,0.0025824,0.0025081,0.0024288,0.00234491,0.00225688,0.00216522,0.0020705,0.00197336,0.00187459,0.00177508,0.00167595,0.00157854,0.00148449,0.00139585,0.00131524,0.00124625,0.00119443,0.00116972,0.00119301,0.00117178,0.00111631,0.00104732,0.000972156,0.000893844,0.000813836,0.00073291,0.000651515,0.000569919,0.000488279,0.000406685,0.000325179,0.000243773,0.000162459,8.12113e-05,0
0,0.000107433,0.00021488,0.00032235,0.000429841,0.000537334,0.000644788,0.000752123,0.000859212,0.000965857,0.00107175,0.00117644,0.00127921,0.00137894,0.00147382,0.00156077,0.00163455,0.0108648,0.0179522,0.0236861,0.0284652,0.0325168,0.0359841,0.0389646,0.0415289,0.0437304,0.0456108,0.0472035,0.0485358,0.0496304,0.0505064,0.0511796,0.0516638,0.0519705,0.0521096,0.0520895,0.0519174,0.0515995,0.0511409,0.050546,0.0498187,0.048962,0.0479787,0.0468712,0.0456414,0.044291,0.0428214,0.0412337,0.0395285,0.0377058,0.0357651,0.0337051,0.031524,0.0292196,0.0267906,0.0242382,0.0215694,0.0187999,0.0159559,0.0130703,0.0101733,0.00728707,0.00442703,0.00160802,0.00144982,0.00134404,0.0012507,0.0011598,0.00106918,0.000978554,0.000888033,0.000797747,0.000707791,0.000618213,0.000529025,0.00044021,0.000351732,0.000263538,0.000175566,8.77445e-05,0
0,0.000115371,0.000230787,0.00034629,0.000461912,0.000577673,0.000693572,0.000809577,0.000925621,0.00104158,0.00115725,0.00127231,0.00138632,0.00149861,0.00160827,0.00171422,0.00181569,0.0176341,0.0305676,0.0413455,0.0504579,0.058238,0.0649194,0.0706723,0.0756246,0.0798758,0.0835048,0.0865755,0.0891407,0.0912442,0.092923,0.0942082,0.0951265,0.0957002,0.0959489,0.0958887,0.0955338,0.0948958,0.0939849,0.0928096,0.091377,0.0896931,0.0877632,0.0855915,0.0831819,0.0805374,0.0776607,0.0745535,0.0712171,0.0676514,0.063855,0.0598248,0.055556,0.0510422,0.0462772,0.0412586,0.0359943,0.0305124,0.0248688,0.0191407,0.0133942,0.00766765,0.00197743,0.0017764,0.00162772,0.00149838,0.00138161,0.00127187,0.0011662,0.00106312,0.000961897,0.000862115,0.000763526,0.000665949,0.000569236,0.000473254,0.000377878,0.000282986,0.000188456,9.41677e-05,0
0,0.000123244,0.00024657,0.00037006,0.000493788,0.00061782,0.000742207,0.000866984,0.000992163,0.00111772,0.00124361,0.00136973,0.00149593,0.00162208,0.00174809,0.00187414,0.00200118,0.0229518,0.0406981,0.0558302,0.0688121,0.0799994,0.0896646,0.0980191,0.105229,0.111428,0.116724,0.121206,0.124949,0.128015,0.130457,0.132321,0.133643,0.134458,0.134792,0.13467,0.134113,0.133137,0.131757,0.129985,0.127831,0.125305,0.122414,0.119164,0.11556,0.111608,0.107312,0.102674,0.0976965,0.09238,0.0867229,0.0807205,0.0743644,0.0676421,0.0605372,0.0530341,0.0451281,0.0368481,0.0282891,0.0196201,0.0109662,0.0023739,0.0021046,0.00193442,0.00177777,0.00163463,0.00150239,0.0013781,0.0012595,0.00114504,0.00103369,0.00092477,0.000817808,0.000712445,0.000608397,0.000505428,0.000403331,0.000301914,0.000201,0.000100418,0
0,0.000130998,0.00026212,0.000393491,0.000525232,0.00065746,0.000790287,0.000923821,0.00105816,0.00119341,0.00132966,0.00146702,0.00160564,0.00174577,0.00188784,0.00203264,0.00218158,0.0272865,0.0490202,0.0678626,0.0842251,0.0984495,0.110816,0.121552,0.130847,0.138855,0.145705,0.151506,0.156349,0.160311,0.16346,0.165852,0.167535,0.168552,0.168938,0.168724,0.167935,0.166594,0.164719,0.162327,0.15943,0.15604,0.152166,0.147816,0.142998,0.137719,0.131983,0.125797,0.119163,0.112084,0.104558,0.0965825,0.0881446,0.0792251,0.0697922,0.0598014,0.0492032,0.0379804,0.0262564,0.0144613,0.00282912,0.00243977,0.00224984,0.00207297,0.0019084,0.00175518,0.00161171,0.00147616,0.00134686,0.00122247,0.00110198,0.000984617,0.000869795,0.00075705,0.000646008,0.000536352,0.000427805,0.00032012,0.000213068,0.000106431,0
0,0.000138573,0.000277315,0.000416394,0.000555979,0.000696242,0.000837356,0.000979502,0.00112287,0.00126766,0.00141411,0.0015625,0.0017132,0.00186669,0.00202368,0.00218519,0.00235268,0.0308865,0.0559488,0.0779402,0.097222,0.11411,0.128876,0.141751,0.152932,0.162586,0.170855,0.17786,0.183706,0.188483,0.192267,0.195125,0.197114,0.198284,0.198677,0.19833,0.197273,0.195533,0.193132,0.190088,0.186418,0.182134,0.177249,0.171772,0.165712,0.159078,0.151877,0.144117,0.135804,0.126944,0.11754,0.107588,0.0970806,0.085994,0.074283,0.0618628,0.0485851,0.0342322,0.0187151,0.00345058,0.00277994,0.00257113,0.00237627,0.00219384,0.00202268,0.0018617,0.00170966,0.00156523,0.00142714,0.0012943,0.00116578,0.00104081,0.000918795,0.00079921,0.000681628,0.00056568,0.000451041,0.000337418,0.000224539,0.000112149,0
0,0.000145908,0.000292027,0.00043857,0.000585755,0.000733803,0.000882948,0.00103344,0.00118553,0.00133953,0.00149578,0.00165469,0.00181674,0.00198259,0.00215304,0.00232917,0.00251234,0.0339037,0.0617573,0.0864164,0.1082,0.127397,0.144264,0.159028,0.171885,0.183007,0.192545,0.200627,0.207366,0.212861,0.217197,0.220448,0.222678,0.223943,0.224291,0.223762,0.222393,0.220212,0.217245,0.213512,0.209033,0.203821,0.19789,0.19125,0.183914,0.17589,0.167189,0.157821,0.147799,0.137131,0.125827,0.113892,0.101327,0.0881191,0.0742345,0.0595832,0.0439252,0.0265575,0.00519674,0.00311898,0.00289279,0.00268241,0.00248482,0.00229848,0.00212232,0.00195538,0.00179666,0.00164516,0.00149988,0.00135992,0.00122445,0.00109278,0.000964299,0.00083849,0.000714899,0.000593128,0.000472819,0.000353646,0.000235309,0.000117519,0
0,0.000152939,0.00030613,0.000459827,0.000614291,0.000769793,0.000926614,0.00108506,0.00124546,0.00140818,0.00157365,0.00174234,0.00191484,0.00209186,0.00227424,0.00246302,0.00265945,0.0364411,0.066638,0.0935509,0.117464,0.138643,0.157326,0.173732,0.188053,0.200462,0.21111,0.220132,0.227646,0.233755,0.23855,0.242112,0.24451,0.245804,0.246046,0.245281,0.243548,0.240879,0.237301,0.232837,0.227506,0.221325,0.214307,0.206464,0.197808,0.188352,0.178107,0.167088,0.155312,0.142796,0.129557,0.115614,0.100984,0.0856829,0.0697337,0.0531778,0.0361361,0.0190268,0.00341664,0.00319858,0.00298286,0.00277531,0.00257719,0.00238848,0.00220869,0.00203721,0.00187329,0.00171615,0.00156499,0.00141906,0.00127766,0.00114015,0.00100596,0.000874582,0.000745555,0.000618473,0.000492962,0.000368676,0.000245291,0.000122499,0
0,0.000159609,0.000319506,0.000479984,0.000641341,0.000803887,0.000967951,0.00113388,0.00130206,0.0014729,0.00164687,0.00182452,0.00200647,0.00219343,0.00238624,0.00258589,0.0027935,0.0385731,0.070733,0.0995412,0.125255,0.148117,0.168351,0.186163,0.201741,0.215254,0.226853,0.236674,0.244837,0.25145,0.256607,0.260392,0.262878,0.264128,0.264198,0.263136,0.260982,0.257772,0.253532,0.248289,0.242061,0.234864,0.226714,0.217621,0.207598,0.196657,0.184815,0.172089,0.158502,0.144079,0.128849,0.112844,0.0960959,0.0786461,0.0605487,0.0418941,0.0228486,0.00372694,0.00349373,0.00327483,0.00306119,0.00285464,0.00265605,0.00246562,0.00228314,0.00210817,0.00194017,0.00177852,0.00162258,0.0014717,0.00132529,0.00118276,0.00104359,0.000907288,0.000773416,0.000641561,0.000511345,0.00038241,0.000254422,0.000127056,0
0,0.000165865,0.00033205,0.000498879,0.000666682,0.000835805,0.00100661,0.00117948,0.00135482,0.00153311,0.00171483,0.00190054,0.00209089,0.00228658,0.00248842,0.00269732,0.0029143,0.0403563,0.0741515,0.104542,0.131764,0.156039,0.177578,0.196575,0.213212,0.227651,0.240042,0.25052,0.259207,0.26621,0.271626,0.275541,0.27803,0.279159,0.278987,0.277562,0.274927,0.271117,0.266162,0.260087,0.252911,0.24465,0.235317,0.224922,0.213478,0.200996,0.187492,0.17299,0.157517,0.141111,0.123811,0.105662,0.086709,0.0670027,0.0466024,0.0255871,0.00406562,0.0037944,0.00356493,0.00334351,0.00312934,0.00292251,0.00272318,0.00253134,0.00234677,0.00216911,0.00199792,0.00183269,0.00167288,0.00151793,0.00136732,0.00122054,0.00107708,0.000936506,0.000798377,0.000662296,0.000527884,0.000394785,0.000262657,0.000131169,0
0,0.000171662,0.000343671,0.000516374,0.000690131,0.00086531,0.0010423,0.00122151,0.00140338,0.00158838,0.00177704,0.00196991,0.00216763,0.00237089,0.00258045,0.00279716,0.00302192,0.0418353,0.0769802,0.108679,0.137147,0.162592,0.18521,0.205186,0.222692,0.237887,0.250916,0.261912,0.270995,0.278273,0.283843,0.287793,0.290198,0.291127,0.290637,0.28878,0.285598,0.281129,0.275401,0.26844,0.260263,0.250886,0.240318,0.228568,0.215644,0.201556,0.186319,0.169957,0.152507,0.134017,0.114546,0.0941516,0.0728892,0.0508101,0.0279654,0.00440935,0.00409772,0.00385605,0.00362454,0.00340178,0.00318693,0.0029796,0.00277956,0.00258661,0.00240045,0.00222075,0.00204711,0.00187907,0.00171617,0.00155793,0.00140387,0.00125352,0.00110644,0.000962204,0.000820395,0.000680629,0.000542537,0.000405765,0.000269971,0.000134825,0
0,0.000176963,0.000354293,0.000532358,0.000711536,0.000892216,0.00107481,0.00125973,0.00144744,0.00163842,0.00183319,0.00203232,0.00223642,0.00244614,0.00266222,0.00288542,0.00311657,0.0430461,0.0792895,0.112052,0.141533,0.167927,0.191419,0.212182,0.230382,0.24617,0.259687,0.271064,0.280419,0.287858,0.293477,0.297365,0.299597,0.300241,0.299356,0.296994,0.293199,0.288006,0.281446,0.273542,0.264312,0.253766,0.241913,0.228755,0.214294,0.198532,0.18148,0.163161,0.143619,0.122922,0.101153,0.0783951,0.0547128,0.0301549,0.00475832,0.00439505,0.004144,0.00390308,0.00367158,0.00344869,0.00323372,0.0030262,0.00282577,0.00263209,0.00244485,0.00226369,0.00208823,0.00191807,0.00175277,0.00159192,0.00143507,0.00128181,0.00113173,0.000984409,0.000839477,0.000696558,0.000555294,0.000415339,0.000276356,0.000138018,0
0,0.000181739,0.000363858,0.000546743,0.000730784,0.000916383,0.00110396,0.00129394,0.0014868,0.00168301,0.00188309,0.00208759,0.00229711,0.00251228,0.00273376,0.00296227,0.00319855,0.0440185,0.0811374,0.114746,0.145032,0.172175,0.196351,0.217724,0.236452,0.252679,0.266543,0.27817,0.287674,0.295161,0.300725,0.304453,0.306421,0.306696,0.305337,0.302396,0.297917,0.291936,0.284482,0.275578,0.26524,0.253477,0.24029,0.225677,0.209627,0.19213,0.173181,0.152793,0.131013,0.107939,0.0837117,0.0584539,0.0322437,0.00511906,0.00468281,0.00442429,0.00417572,0.00393657,0.00370627,0.0034842,0.00326981,0.00306263,0.00286226,0.00266834,0.00248052,0.00229844,0.00212175,0.00195006,0.00178299,0.00162014,0.00146112,0.00130555,0.00115303,0.00100319,0.000855666,0.000710109,0.00056617,0.000423515,0.000281815,0.00014075,0
0,0.000185968,0.000372326,0.000559468,0.000747794,0.000937713,0.00112965,0.00132404,0.00152134,0.00172204,0.00192663,0.00213567,0.0023497,0.00256934,0.0027952,0.00302794,0.00326825,0.0447773,0.0825726,0.116833,0.147734,0.175445,0.200132,0.221952,0.241052,0.257575,0.27165,0.283399,0.292935,0.300359,0.305765,0.309237,0.310849,0.310669,0.308756,0.30516,0.299925,0.293087,0.284677,0.274715,0.263217,0.25019,0.23563,0.219525,0.201851,0.182574,0.161658,0.139079,0.114869,0.0891687,0.0622561,0.0343424,0.00550931,0.00495858,0.00469397,0.00443925,0.00419389,0.00395736,0.00372913,0.00350868,0.00329554,0.00308927,0.00288948,0.00269582,0.00250793,0.00232546,0.00214808,0.00197543,0.00180714,0.00164286,0.00148223,0.00132489,0.00117047,0.00101864,0.000869034,0.000721333,0.000575201,0.000430318,0.000286364,0.000143028,0
0,0.000189636,0.000379668,0.000570493,0.000762516,0.000956149,0.00115181,0.00134995,0.00155101,0.00175547,0.00196381,0.00217656,0.00239425,0.00261745,0.00284675,0.00308275,0.00332607,0.0453436,0.0836363,0.118372,0.149717,0.177831,0.202871,0.224984,0.244315,0.260996,0.275154,0.286905,0.296358,0.303613,0.308758,0.311878,0.313044,0.312323,0.309773,0.305443,0.299378,0.291615,0.282182,0.271104,0.258395,0.244061,0.228096,0.210482,0.191179,0.170121,0.147215,0.122346,0.0954431,0.0666661,0.0367132,0.00597968,0.00522023,0.00495048,0.00469092,0.00444077,0.00419939,0.00396623,0.00374081,0.00352267,0.00331139,0.00310659,0.00290791,0.002715,0.00252753,0.00234518,0.00216762,0.00199451,0.00182553,0.00166035,0.00149862,0.00134002,0.00118421,0.00103087,0.000879674,0.000730302,0.000582441,0.000435784,0.000290025,0.000144863,0
0,0.000192737,0.00038587,0.000579799,0.000774928,0.000971666,0.00117043,0.00137167,0.0015758,0.00178331,0.00199466,0.00221035,0.00243089,0.00265682,0.00288868,0.00312703,0.00337245,0.0457352,0.0843634,0.119416,0.151048,0.179414,0.20466,0.226928,0.246354,0.263066,0.277185,0.288823,0.298084,0.305064,0.30985,0.312523,0.313153,0.311804,0.308533,0.30339,0.296419,0.287656,0.277133,0.264876,0.250901,0.235219,0.217827,0.198705,0.177809,0.155048,0.130257,0.103142,0.0732593,0.0403422,0.00672645,0.00546535,0.00519084,0.00492774,0.00467436,0.00442969,0.00419307,0.00396399,0.00374203,0.0035268,0.00331795,0.00311514,0.00291805,0.00272637,0.0025398,0.00235802,0.00218075,0.00200767,0.00183847,0.00167286,0.00151052,0.00135114,0.00119441,0.00104003,0.000887692,0.000737099,0.000587952,0.000439959,0.000292828,0.000146271,0
0,0.000195268,0.00039093,0.000587383,0.000785027,0.000984268,0.00118552,0.00138921,0.00159576,0.00180563,0.00201928,0.00223717,0.0024598,0.00268767,0.00292129,0.00316117,0.00340786,0.0459676,0.084784,0.120007,0.151785,0.180263,0.20558,0.227873,0.247269,0.263892,0.277857,0.289271,0.298235,0.30484,0.309171,0.311304,0.311308,0.309245,0.305169,0.29913,0.291172,0.281333,0.269646,0.25614,0.240839,0.223761,0.204913,0.184292,0.161873,0.137589,0.111273,0.0824883,0.0499497,0.0094661,0.00568643,0.00540886,0.00514506,0.00489104,0.00464528,0.00440706,0.00417593,0.00395154,0.00373358,0.00352177,0.00331583,0.00311547,0.00292042,0.00273041,0.00254516,0.0023644,0.00218786,0.00201524,0.00184628,0.00168068,0.00151817,0.00135845,0.00120124,0.00104625,0.000893206,0.000741818,0.000591808,0.000442896,0.000294808,0.000147267,0
0,0.000197233,0.000394856,0.000593258,0.000792834,0.000993983,0.00119711,0.00140263,0.00161096,0.00182254,0.0020378,0.00225719,0.00248119,0.00271027,0.00294489,0.00318555,0.00343274,0.046054,0.0849238,0.120185,0.151977,0.180439,0.205703,0.227898,0.247148,0.263569,0.277271,0.288357,0.296923,0.303056,0.306838,0.308341,0.30763,0.304766,0.299801,0.292782,0.283753,0.272753,0.25982,0.244986,0.228284,0.209742,0.189387,0.167244,0.143338,0.117707,0.0904345,0.0617681,0.0325434,0.00581943,0.0055812,0.00533261,0.00508524,0.00484248,0.0046054,0.00437426,0.00414911,0.00392985,0.00371631,0.00350833,0.00330569,0.00310818,0.00291556,0.00272761,0.00254408,0.00236474,0.00218932,0.00201757,0.00184924,0.00168407,0.0015218,0.00136215,0.00120487,0.00104969,0.000896338,0.000744559,0.000594084,0.000444652,0.000296001,0.000147871,0
0,0.00019864,0.000397661,0.000597447,0.000798383,0.00100086,0.00120527,0.00141201,0.0016215,0.00183415,0.00205037,0.00227061,0.0024953,0.00272489,0.00295982,0.00320056,0.00344755,0.0460058,0.0848051,0.119981,0.151667,0.179994,0.205089,0.227074,0.246067,0.262179,0.275515,0.286174,0.294246,0.299814,0.302956,0.303741,0.30223,0.298479,0.292538,0.284453,0.274266,0.262016,0.247744,0.231488,0.21329,0.193191,0.171235,0.147471,0.12196,0.0947987,0.0661523,0.0363393,0.00596714,0.00572366,0.00549094,0.00525466,0.0050188,0.00478581,0.00455697,0.00433289,0.00411385,0.00389993,0.00369108,0.00348721,0.00328819,0.00309385,0.00290401,0.00271846,0.00253701,0.00235943,0.0021855,0.002015,0.00184768,0.00168331,0.00152165,0.00136246,0.00120549,0.00105049,0.000897219,0.000745425,0.000594864,0.000445287,0.000296448,0.000148101,0
0,0.000199499,0.000399369,0.000599985,0.000801722,0.00100496,0.00121007,0.00141746,0.00162751,0.00184062,0.00205719,0.00227764,0.00250239,0.00273184,0.00296643,0.00320659,0.00345273,0.0458329,0.084447,0.119424,0.150891,0.178973,0.20379,0.225459,0.244092,0.259795,0.272668,0.282805,0.290291,0.295206,0.297621,0.297603,0.295207,0.290487,0.283486,0.274248,0.262812,0.249216,0.233502,0.215716,0.195907,0.174129,0.15044,0.124902,0.0975871,0.0685914,0.03805,0.00615557,0.00586941,0.00563655,0.00540583,0.00517615,0.00494827,0.00472319,0.00450171,0.00428431,0.00407127,0.00386273,0.0036587,0.00345915,0.00326398,0.00307308,0.00288629,0.00270345,0.00252438,0.00234889,0.00217678,0.00200785,0.00184188,0.00167866,0.00151797,0.00135959,0.00120328,0.00104882,0.000895976,0.000744525,0.00059423,0.000444862,0.000296189,0.000147979,0
0,0.000199823,0.000400008,0.000600915,0.000802909,0.00100636,0.00121162,0.00141909,0.00162912,0.00184212,0.00205845,0.00227851,0.0025027,0.00273142,0.00296506,0.00320402,0.0034487,0.0455437,0.0838661,0.118539,0.149682,0.177415,0.201853,0.223107,0.241282,0.256481,0.268799,0.278323,0.285136,0.289312,0.290919,0.290017,0.286658,0.280888,0.272746,0.26227,0.249491,0.234448,0.21718,0.197738,0.176183,0.152584,0.12701,0.0995287,0.0702074,0.0391179,0.00634106,0.00601445,0.00577743,0.0055464,0.00531929,0.0050951,0.00487373,0.00465545,0.0044406,0.00422947,0.00402225,0.00381905,0.00361991,0.0034248,0.00323367,0.00304641,0.00286291,0.00268302,0.00250661,0.00233349,0.0021635,0.00199644,0.00183214,0.00167039,0.00151099,0.00135373,0.00119841,0.00104482,0.000892741,0.000741962,0.000592268,0.00044344,0.000295265,0.000147524,0
0,0.00019963,0.000399608,0.000600285,0.000802011,0.00100514,0.00121002,0.00141702,0.0016265,0.00183882,0.00205435,0.00227346,0.00249653,0.00272393,0.00295604,0.00319324,0.0034359,0.0451458,0.0830767,0.117345,0.148067,0.175355,0.199317,0.220061,0.237687,0.252292,0.263966,0.272792,0.278849,0.282206,0.282927,0.281065,0.276669,0.269776,0.260418,0.248623,0.234414,0.217818,0.198873,0.177634,0.154177,0.128593,0.100972,0.0713855,0.0398881,0.00652313,0.00614536,0.00590824,0.0056769,0.00545065,0.00522858,0.00501005,0.00479479,0.0045828,0.00437417,0.00416903,0.00396747,0.00376957,0.00357534,0.00338476,0.00319779,0.00301435,0.00283433,0.00265763,0.00248411,0.00231361,0.002146,0.0019811,0.00181874,0.00165874,0.00150092,0.00134509,0.00119107,0.00103865,0.000887641,0.000737845,0.000589059,0.000441085,0.000293718,0.000146758,0
0,0.000198936,0.000398207,0.00059815,0.000799101,0.0010014,0.00120539,0.0014114,0.0016198,0.00183091,0.00204511,0.00226273,0.00248414,0.00270969,0.00293973,0.00317463,0.00341473,0.0446456,0.0820913,0.115863,0.14607,0.17282,0.196217,0.216362,0.233351,0.247276,0.258221,0.266268,0.27149,0.273952,0.273713,0.270823,0.265322,0.257242,0.246604,0.233422,0.217703,0.199456,0.178704,0.155499,0.129947,0.102188,0.0723502,0.0405119,0.00670949,0.00625848,0.00602347,0.00579377,0.00556907,0.00534892,0.00513281,0.00492031,0.0047112,0.00450535,0.00430276,0.00410345,0.00390747,0.00371483,0.00352553,0.00333956,0.00315686,0.00297738,0.00280102,0.00262768,0.00245726,0.00228961,0.00212461,0.00196211,0.00180194,0.00164396,0.001488,0.00133387,0.00118142,0.00103046,0.000880805,0.000732276,0.000584689,0.000437856,0.000291589,0.0001457,0
0,0.000197761,0.000395843,0.000594568,0.000794258,0.000995238,0.00119783,0.00140237,0.00160918,0.0018186,0.00203095,0.00224657,0.00246581,0.00268899,0.00291645,0.00314854,0.00338559,0.0440487,0.0809207,0.114107,0.143712,0.169838,0.192583,0.212044,0.228312,0.241473,0.251611,0.2588,0.26311,0.264605,0.263338,0.259356,0.252693,0.243374,0.231409,0.216794,0.199511,0.179531,0.156838,0.131463,0.103546,0.0733647,0.0411297,0.00691978,0.00635219,0.00612058,0.005894,0.00567216,0.00545475,0.00524143,0.00503186,0.00482577,0.00462293,0.00442325,0.00422665,0.00403314,0.00384268,0.0036553,0.00347097,0.00328966,0.00311133,0.00293593,0.00276337,0.00259357,0.00242642,0.00226182,0.00209965,0.00193976,0.00178203,0.0016263,0.00147243,0.00132026,0.00116964,0.00102039,0.000872353,0.000725359,0.000579237,0.000433815,0.000288917,0.000144371,0
0,0.000196124,0.000392555,0.0005896,0.000787565,0.00098676,0.00118749,0.00139008,0.00159483,0.00180206,0.00201209,0.00222523,0.00244181,0.00266214,0.00288655,0.00311535,0.00334886,0.0433601,0.0795745,0.112092,0.141012,0.16643,0.188441,0.207136,0.222602,0.234921,0.244172,0.250427,0.253753,0.25421,0.25185,0.246717,0.238843,0.228248,0.214932,0.198873,0.18002,0.158284,0.133551,0.105739,0.0749974,0.0420209,0.00720769,0.00642544,0.0061979,0.00597551,0.00575775,0.00554421,0.00533458,0.00512858,0.00492597,0.00472655,0.00453017,0.00433673,0.00414616,0.00395843,0.00377352,0.00359141,0.00341208,0.00323549,0.00306162,0.0028904,0.00272177,0.00255564,0.00239194,0.00223056,0.0020714,0.00191433,0.00175923,0.00160598,0.00145443,0.00130444,0.00115588,0.00100858,0.000862407,0.000717192,0.000572783,0.00042902,0.000285743,0.00014279,0
0,0.000194048,0.000388388,0.00058331,0.000779107,0.000976072,0.0011745,0.00137468,0.00157692,0.00178152,0.00198876,0.00219896,0.00241242,0.00262945,0.00285033,0.00307539,0.00330491,0.0425844,0.0780611,0.10983,0.137984,0.162616,0.183814,0.201665,0.21625,0.22765,0.235938,0.241184,0.243452,0.242802,0.239285,0.232945,0.223816,0.211917,0.19725,0.179785,0.159444,0.136065,0.109349,0.0788271,0.0441904,0.00777756,0.00647683,0.00625343,0.00603624,0.00582384,0.00561546,0.00541068,0.00520922,0.00501089,0.00481553,0.00462301,0.00443322,0.00424611,0.00406161,0.0038797,0.00370035,0.00352354,0.00334925,0.00317746,0.00300811,0.00284117,0.00267658,0.00251426,0.00235414,0.00219614,0.00204015,0.00188607,0.0017338,0.00158321,0.00143418,0.00128659,0.0011403,0.000995178,0.000851082,0.000707872,0.000565403,0.00042353,0.000282104,0.000140977,0
0,0.000191555,0.000383385,0.000575766,0.000768974,0.000963286,0.00115898,0.00135634,0.00155564,0.00175716,0.0019612,0.00216802,0.00237793,0.00259121,0.00280814,0.00302902,0.00325413,0.0417255,0.0763883,0.107332,0.134646,0.158415,0.178724,0.195654,0.209284,0.219688,0.226937,0.231099,0.232237,0.230408,0.225667,0.21806,0.207627,0.194398,0.178387,0.159588,0.137946,0.113303,0.0852195,0.0523696,0.0103999,0.00649972,0.00628194,0.00607252,0.00586776,0.00566642,0.00546803,0.0052724,0.0050794,0.00488897,0.00470104,0.00451555,0.00433247,0.00415175,0.00397337,0.00379731,0.00362355,0.00345208,0.00328288,0.00311592,0.00295117,0.00278859,0.00262813,0.00246972,0.00231332,0.00215882,0.00200616,0.00185523,0.00170595,0.0015582,0.00141188,0.00126687,0.00112305,0.000980299,0.000838489,0.000697489,0.000557171,0.000417398,0.000278037,0.000138949,0
0,0.000188666,0.000377591,0.000567035,0.000757257,0.000948517,0.00114108,0.0013352,0.00153116,0.00172921,0.00192962,0.00213266,0.00233861,0.00254773,0.00276029,0.00297658,0.00319686,0.0407872,0.0745635,0.10461,0.131009,0.153843,0.17319,0.189126,0.201727,0.211061,0.217197,0.220199,0.220129,0.217046,0.211005,0.20206,0.19026,0.175651,0.158275,0.138178,0.115415,0.0900924,0.0624905,0.0335164,0.00643058,0.00626104,0.00607509,0.00588494,0.00569439,0.00550479,0.0053167,0.00513037,0.00494594,0.00476349,0.00458307,0.00440468,0.00422834,0.00405406,0.00388182,0.00371163,0.00354348,0.00337738,0.00321329,0.00305122,0.00289112,0.00273298,0.00257673,0.00242234,0.00226975,0.00211889,0.00196968,0.00182205,0.00167591,0.00153116,0.00138771,0.00124545,0.00110427,0.000964074,0.000824732,0.000686134,0.000548156,0.000410678,0.000273576,0.000136725,0
0,0.000185406,0.000371054,0.000557187,0.000744049,0.000931882,0.00112093,0.00131145,0.00150368,0.00169787,0.00189427,0.00209314,0.00229473,0.0024993,0.00270711,0.00291841,0.00313347,0.0397734,0.0725934,0.101672,0.127088,0.148917,0.167232,0.182105,0.193604,0.201796,0.206744,0.208509,0.207151,0.202731,0.195306,0.184937,0.171681,0.155601,0.136761,0.115243,0.0911608,0.0647045,0.0362248,0.00637719,0.00620885,0.00604603,0.00587434,0.00569799,0.00551971,0.00534105,0.00516286,0.00498563,0.00480966,0.00463515,0.0044622,0.0042909,0.00412131,0.00395345,0.00378735,0.00362304,0.00346052,0.00329979,0.00314085,0.00298369,0.0028283,0.00267464,0.00252269,0.00237239,0.00222371,0.00207659,0.00193095,0.00178674,0.00164387,0.00150226,0.00136182,0.00122247,0.0010841,0.000946618,0.000809916,0.000673888,0.000538427,0.00040342,0.000268756,0.00013432,0
0,0.000181798,0.000363822,0.000546296,0.000729446,0.000913501,0.00109869,0.00128524,0.00147338,0.00166335,0.00185538,0.00204971,0.00224658,0.00244623,0.00264891,0.00285486,0.00306433,0.0386874,0.0704849,0.0985306,0.122897,0.143654,0.160871,0.174613,0.184943,0.191921,0.195607,0.196058,0.19333,0.187483,0.178579,0.166681,0.151858,0.134181,0.113727,0.0905825,0.0648615,0.0367179,0.00636498,0.0061606,0.00600359,0.00584387,0.00568033,0.00551385,0.00534564,0.00517668,0.00500768,0.00483912,0.00467134,0.00450458,0.00433899,0.0041747,0.00401179,0.00385033,0.00369035,0.0035319,0.00337499,0.00321965,0.00306587,0.00291366,0.002763,0.00261388,0.00246627,0.00232014,0.00217545,0.00203216,0.00189019,0.0017495,0.00161002,0.00147168,0.00133439,0.00119808,0.00106266,0.000928046,0.000794134,0.000660834,0.000528046,0.000395672,0.000263608,0.000131752,0
0,0.000177867,0.000355943,0.000534433,0.000713548,0.000893496,0.00107449,0.00125674,0.00144046,0.00162587,0.00181319,0.00200264,0.00219444,0.00238883,0.00258602,0.00278626,0.00298978,0.0375328,0.0682447,0.095194,0.118448,0.138071,0.154127,0.166675,0.175772,0.181471,0.183825,0.182884,0.178701,0.171332,0.160841,0.147299,0.130782,0.111367,0.0891338,0.0641608,0.0365339,0.00634758,0.00611213,0.00595654,0.00580226,0.00564726,0.00549059,0.00533226,0.00517269,0.00501241,0.0048519,0.00469152,0.0045316,0.00437235,0.00421396,0.00405655,0.00390024,0.0037451,0.00359119,0.00343856,0.00328725,0.00313727,0.00298866,0.0028414,0.00269551,0.00255096,0.00240775,0.00226584,0.00212521,0.00198581,0.00184761,0.00171054,0.00157456,0.00143959,0.00130557,0.00117243,0.00104008,0.000908462,0.000777479,0.000647045,0.000517076,0.000387478,0.000258163,0.000129034,0
0,0.000173639,0.000347468,0.000521676,0.000696453,0.000871992,0.00104849,0.00122613,0.00140512,0.00158566,0.00176795,0.00195219,0.0021386,0.00232739,0.00251877,0.00271296,0.00291019,0.0363128,0.065879,0.0916724,0.113755,0.132186,0.147024,0.15832,0.166125,0.170485,0.171441,0.169037,0.163314,0.154324,0.142131,0.126813,0.108462,0.0871663,0.0630033,0.0360375,0.00632367,0.00604986,0.00589973,0.00575064,0.00560203,0.00545309,0.00530329,0.00515249,0.00500081,0.00484853,0.00469594,0.00454332,0.00439092,0.00423893,0.00408753,0.00393686,0.00378703,0.00363812,0.00349021,0.00334336,0.0031976,0.00305298,0.00290951,0.00276721,0.00262609,0.00248614,0.00234736,0.00220972,0.0020732,0.00193778,0.00180341,0.00167004,0.00153764,0.00140614,0.00127549,0.00114562,0.00101647,0.000887969,0.000760034,0.000632596,0.000505572,0.000378885,0.000252449,0.000126182,0
0,0.000169139,0.000338449,0.000508101,0.000678267,0.00084912,0.00102084,0.00119359,0.00136756,0.00154294,0.0017199,0.00189864,0.00207935,0.00226223,0.00244748,0.00263531,0.00282593,0.0350306,0.063394,0.0879749,0.108831,0.126016,0.139583,0.149577,0.156041,0.159011,0.158517,0.154586,0.147246,0.136532,0.122505,0.10526,0.0849202,0.0616001,0.0353778,0.00629922,0.00597062,0.00582802,0.00568589,0.00554409,0.00540233,0.00526022,0.00511748,0.00497401,0.00482985,0.00468514,0.00454007,0.00439485,0.00424967,0.0041047,0.0039601,0.003816,0.00367252,0.00352974,0.00338774,0.00324659,0.00310635,0.00296704,0.0028287,0.00269135,0.002555,0.00241967,0.00228534,0.002152,0.00201965,0.00188824,0.00175776,0.00162817,0.00149943,0.00137149,0.0012443,0.0011178,0.000991943,0.000866659,0.000741885,0.000617552,0.000493591,0.000369929,0.000246494,0.000123209,0
0,0.000164394,0.00032894,0.00049379,0.000659095,0.000825012,0.000991694,0.0011593,0.001328,0.00149794,0.0016693,0.00184226,0.00201699,0.00219367,0.00237249,0.00255365,0.00273735,0.033689,0.0607948,0.0841097,0.103687,0.119576,0.131825,0.140474,0.145558,0.147103,0.145124,0.139626,0.130608,0.118073,0.102059,0.0826828,0.0601634,0.0346737,0.00628939,0.00587341,0.00573946,0.00560555,0.00547161,0.00533754,0.00520316,0.00506828,0.00493277,0.00479657,0.00465971,0.0045223,0.00438446,0.00424635,0.00410814,0.00396997,0.00383197,0.00369429,0.00355702,0.00342026,0.00328408,0.00314857,0.00301376,0.00287973,0.00274648,0.00261406,0.00248249,0.00235177,0.0022219,0.00209289,0.00196473,0.00183739,0.00171085,0.00158509,0.00146008,0.00133576,0.00121211,0.00108907,0.000966591,0.000844623,0.000723105,0.000601979,0.000481183,0.000360653,0.000240323,0.000120128,0
0,0.000159432,0.000318996,0.000478824,0.000639049,0.000799804,0.000961228,0.00112346,0.00128664,0.00145091,0.00161643,0.00178334,0.00195182,0.00212203,0.00229415,0.00246835,0.00264484,0.0322901,0.0580856,0.080083,0.098332,0.11288,0.123769,0.131038,0.134714,0.134817,0.131346,0.124281,0.113572,0.0991471,0.0809565,0.0591131,0.0341358,0.00633497,0.00575787,0.00563311,0.00550827,0.00538314,0.00525758,0.00513148,0.00500474,0.00487729,0.00474908,0.00462011,0.00449042,0.0043601,0.00422927,0.00409805,0.00396658,0.003835,0.00370344,0.00357201,0.00344082,0.00330995,0.0031795,0.00304953,0.00292012,0.00279129,0.0026631,0.00253558,0.00240876,0.00228265,0.00215726,0.00203259,0.00190864,0.00178539,0.00166284,0.00154096,0.00141972,0.0012991,0.00117905,0.00105954,0.000940517,0.000821943,0.000703767,0.000585935,0.000468395,0.000351089,0.00023396,0.00011695,0
0,0.000154282,0.000308675,0.00046329,0.000618241,0.000773641,0.000929605,0.00108625,0.00124371,0.00140209,0.00156154,0.00172219,0.00188418,0.00204766,0.00221281,0.00237978,0.00254876,0.0308356,0.0552694,0.075899,0.0927717,0.105933,0.115424,0.121281,0.123533,0.122196,0.117264,0.108696,0.0963891,0.0801323,0.0595831,0.0345002,0.00658934,0.00562347,0.00550796,0.00539294,0.00527755,0.00516141,0.00504437,0.00492637,0.00480739,0.00468744,0.00456653,0.00444472,0.00432207,0.00419868,0.00407466,0.00395013,0.00382522,0.00370005,0.00357475,0.00344942,0.00332416,0.00319908,0.00307425,0.00294974,0.00282563,0.00270196,0.00257878,0.00245613,0.00233403,0.00221251,0.00209159,0.00197126,0.00185154,0.00173242,0.00161388,0.00149591,0.0013785,0.00126161,0.00114522,0.0010293,0.000913805,0.000798699,0.000683938,0.000569479,0.000455273,0.000341274,0.000227429,0.000113688,0
0,0.000148972,0.000298034,0.000447276,0.00059679,0.000746668,0.000897004,0.0010479,0.00119945,0.00135176,0.00150494,0.00165911,0.00181439,0.00197092,0.00212884,0.00228832,0.00244952,0.0293267,0.0523479,0.0715595,0.0870074,0.098736,0.106788,0.111202,0.112012,0.109243,0.102907,0.0929811,0.0793673,0.0617563,0.0391756,0.00837157,0.00546582,0.00536074,0.00525739,0.00515335,0.00504794,0.00494101,0.00483257,0.0047227,0.00461148,0.00449899,0.00438532,0.00427056,0.00415482,0.0040382,0.00392082,0.0038028,0.00368426,0.00356533,0.00344612,0.00332674,0.00320729,0.00308786,0.00296855,0.00284941,0.00273053,0.00261194,0.00249372,0.00237589,0.00225849,0.00214154,0.00202507,0.00190909,0.0017936,0.0016786,0.0015641,0.00145008,0.00133653,0.00122342,0.00111074,0.000998458,0.000886544,0.000774962,0.000663681,0.00055266,0.00044186,0.000331237,0.000220749,0.000110352,0
0,0.000143533,0.000287135,0.000430874,0.000574818,0.000719039,0.000863608,0.0010086,0.00115409,0.00130017,0.00144692,0.00159443,0.00174281,0.00189218,0.00204266,0.00219439,0.00234754,0.0277643,0.0493221,0.0670651,0.0810378,0.0912846,0.0978498,0.100778,0.100113,0.0958992,0.0881862,0.0770353,0.0625493,0.0449691,0.0250216,0.00523947,0.00517588,0.00509556,0.00500784,0.00491578,0.00482057,0.00472281,0.00462287,0.00452101,0.00441743,0.00431228,0.00420571,0.00409787,0.00398887,0.00387884,0.00376792,0.00365624,0.0035439,0.00343104,0.00331776,0.00320419,0.00309041,0.00297652,0.00286261,0.00274875,0.002635,0.00252144,0.0024081,0.00229505,0.0021823,0.0020699,0.00195786,0.00184621,0.00173496,0.0016241,0.00151365,0.00140359,0.00129392,0.00118463,0.00107569,0.000967094,0.000858805,0.000750803,0.000643054,0.000535529,0.000428192,0.000321009,0.000213941,0.000106951,0
0,0.000137998,0.000276041,0.000414177,0.000552451,0.000690911,0.000829607,0.000968588,0.00110791,0.00124763,0.0013878,0.00152851,0.00166983,0.00181185,0.00195467,0.00209843,0.00224326,0.0261498,0.0461937,0.0624165,0.074861,0.0835714,0.0885938,0.0899769,0.0877735,0.0820434,0.0728608,0.0603292,0.0446134,0.0260037,0.00502613,0.00496819,0.00491005,0.00484109,0.0047646,0.00468276,0.00459689,0.00450779,0.00441598,0.00432185,0.00422566,0.00412764,0.00402798,0.00392685,0.00382442,0.00372081,0.00361617,0.00351063,0.00340432,0.00329736,0.00318987,0.00308195,0.00297371,0.00286524,0.00275662,0.00264793,0.00253924,0.00243062,0.00232212,0.00221378,0.00210564,0.00199775,0.00189012,0.00178279,0.00167575,0.00156903,0.00146263,0.00135655,0.00125079,0.00114533,0.00104017,0.000935286,0.000830665,0.00072628,0.000622112,0.00051813,0.000414308,0.000310616,0.000207022,0.000103495,0
0,0.000132396,0.000264816,0.000397282,0.000529819,0.000662449,0.000795198,0.000928091,0.00106116,0.00119442,0.00132793,0.00146172,0.00159584,0.00173036,0.00186536,0.00200093,0.0021372,0.0244856,0.0429665,0.0576177,0.0684792,0.0755938,0.0790083,0.0787736,0.0749462,0.0675907,0.0567844,0.042627,0.0252529,0.00484348,0.00476466,0.00471528,0.00465982,0.0045975,0.00452907,0.00445558,0.00437789,0.00429669,0.00421248,0.00412567,0.00403655,0.00394538,0.00385239,0.00375777,0.00366168,0.00356429,0.00346573,0.00336617,0.00326571,0.00316449,0.00306262,0.00296021,0.00285737,0.00275419,0.00265075,0.00254713,0.00244341,0.00233965,0.00223591,0.00213223,0.00202865,0.00192523,0.00182198,0.00171894,0.00161611,0.00151352,0.00141117,0.00130907,0.00120722,0.00110562,0.00100425,0.000903113,0.000802185,0.000701456,0.000600902,0.000500506,0.000400241,0.000300085,0.00020001,9.99913e-05,0
0,0.000126762,0.000253525,0.000380289,0.000507054,0.00063382,0.000760586,0.000887352,0.00101412,0.00114089,0.00126766,0.00139446,0.0015213,0.0016482,0.00177523,0.00190244,0.00202992,0.0227763,0.0396483,0.0526784,0.0619018,0.067359,0.0690956,0.0671633,0.0616187,0.052523,0.0399443,0.0239596,0.0046558,0.00456217,0.00451824,0.00447116,0.00441951,0.00436272,0.00430088,0.00423446,0.00416399,0.00408995,0.00401278,0.00393283,0.00385041,0.00376579,0.00367919,0.00359082,0.00350085,0.00340946,0.00331679,0.003223,0.00312822,0.00303256,0.00293616,0.00283912,0.00274155,0.00264353,0.00254516,0.00244651,0.00234766,0.00224868,0.00214962,0.00205054,0.00195147,0.00185247,0.00175357,0.00165478,0.00155614,0.00145766,0.00135936,0.00126124,0.00116331,0.00106557,0.000968016,0.000870638,0.000773432,0.000676381,0.000579475,0.000482694,0.000386022,0.000289437,0.000192921,9.64487e-05,0
0,0.000121128,0.000242234,0.000363296,0.000484291,0.000605194,0.000725978,0.000846616,0.000967079,0.00108734,0.00120737,0.00132714,0.00144665,0.00156588,0.00168484,0.00180356,0.00192208,0.0210294,0.0362531,0.047617,0.0551497,0.058887,0.0588738,0.0551631,0.0478113,0.0368742,0.0224065,0.00446143,0.00435086,0.00431538,0.00427638,0.00423363,0.00418666,0.00413522,0.00407932,0.00401922,0.00395525,0.00388775,0.00381709,0.00374357,0.00366748,0.00358907,0.00350857,0.00342618,0.0033421,0.00325649,0.0031695,0.00308129,0.002992,0.00290174,0.00281065,0.00271882,0.00262637,0.0025334,0.00243997,0.00234619,0.00225212,0.00215783,0.00206338,0.00196883,0.00187422,0.00177959,0.00168498,0.00159043,0.00149595,0.00140157,0.00130729,0.00121315,0.00111914,0.00102527,0.000931528,0.000837928,0.000744455,0.000651107,0.000557868,0.000464731,0.000371678,0.000278696,0.000185767,9.28743e-05,0
0,0.000115525,0.000231007,0.000346402,0.000461663,0.000576741,0.000691584,0.000806136,0.000920339,0.00103413,0.00114744,0.00126022,0.00137241,0.00148395,0.00159481,0.00170496,0.00181441,0.019257,0.0328029,0.0424642,0.0482582,0.0502135,0.0483754,0.0428049,0.0335634,0.0207024,0.00426313,0.00412897,0.00410338,0.00407368,0.00403996,0.0040022,0.00396028,0.00391414,0.00386385,0.00380959,0.0037516,0.00369015,0.00362554,0.00355804,0.00348791,0.00341538,0.00334069,0.00326402,0.00318557,0.00310551,0.00302399,0.00294117,0.00285718,0.00277215,0.0026862,0.00259945,0.00251199,0.00242392,0.00233533,0.0022463,0.00215692,0.00206723,0.00197732,0.00188722,0.00179701,0.0017067,0.00161635,0.00152598,0.00143563,0.00134532,0.00125506,0.00116488,0.00107478,0.000984768,0.000894855,0.000805035,0.000715311,0.000625675,0.000536124,0.000446647,0.000357236,0.000267878,0.000178563,8.92741e-05,0
0,0.000109986,0.000219908,0.000329702,0.0004393,0.000548629,0.000657612,0.000766164,0.000874195,0.000981607,0.0010883,0.00119416,0.0012991,0.00140301,0.0015058,0.0016074,0.00170774,0.0174758,0.029331,0.0372677,0.0412844,0.0413943,0.0376439,0.0301241,0.0189161,0.00406791,0.00389646,0.00388147,0.00386184,0.00383777,0.00380939,0.00377679,0.00373999,0.00369907,0.00365413,0.00360535,0.00355294,0.00349713,0.00343818,0.00337633,0.00331181,0.00324485,0.00317567,0.00310446,0.00303139,0.00295665,0.00288039,0.00280276,0.00272388,0.00264391,0.00256294,0.00248111,0.00239849,0.00231521,0.00223134,0.00214696,0.00206215,0.00197699,0.00189152,0.00180582,0.00171992,0.00163388,0.00154774,0.00146152,0.00137526,0.001289,0.00120273,0.0011165,0.00103029,0.000944145,0.000858049,0.000772015,0.000686041,0.00060013,0.000514275,0.000428475,0.00034272,0.000257005,0.000171319,8.56544e-05,0
0,0.000104538,0.000208994,0.000313286,0.000417325,0.000521018,0.000624263,0.000726946,0.000828946,0.000930127,0.00103035,0.00112945,0.00122728,0.00132369,0.00141852,0.00151165,0.00160296,0.0157084,0.0258837,0.0321004,0.0343225,0.0325205,0.026727,0.0171395,0.0038935,0.00365382,0.00364976,0.00364066,0.00362671,0.00360808,0.00358494,0.00355743,0.00352567,0.0034898,0.00344997,0.00340637,0.00335919,0.00330867,0.00325502,0.00319847,0.00313924,0.00307755,0.0030136,0.00294757,0.00287965,0.00281,0.00273878,0.00266614,0.0025922,0.0025171,0.00244097,0.00236389,0.00228599,0.00220736,0.00212809,0.00204825,0.00196793,0.00188718,0.00180609,0.0017247,0.00164307,0.00156123,0.00147924,0.00139713,0.00131493,0.00123267,0.00115038,0.00106806,0.00098575,0.000903446,0.000821165,0.000738911,0.000656691,0.000574505,0.000492355,0.000410237,0.000328151,0.000246089,0.000164048,8.20203e-05,0
0,9.92069e-05,0.000198318,0.000297234,0.000395851,0.000494056,0.000591724,0.000688716,0.000784878,0.000880037,0.000974002,0.00106657,0.00115752,0.00124663,0.0013337,0.00141854,0.00150098,0.0139784,0.0225169,0.0270672,0.027538,0.0237774,0.015656,0.003804,0.00340161,0.00340855,0.00341032,0.00340687,0.00339834,0.00338492,0.00336681,0.00334421,0.00331729,0.00328625,0.00325127,0.00321255,0.0031703,0.00312472,0.00307605,0.00302449,0.00297025,0.00291353,0.00285454,0.00279344,0.00273042,0.00266564,0.00259925,0.0025314,0.00246221,0.00239182,0.00232034,0.00224789,0.00217456,0.00210046,0.00202566,0.00195025,0.00187431,0.00179791,0.0017211,0.00164395,0.0015665,0.00148882,0.00141093,0.00133288,0.0012547,0.00117642,0.00109806,0.00101965,0.000941195,0.000862726,0.000784245,0.000705767,0.000627294,0.000548835,0.000470389,0.00039196,0.000313546,0.000235146,0.000156757,7.83768e-05,0
0,9.40148e-05,0.000187923,0.000281615,0.000374973,0.000467869,0.00056016,0.000651685,0.000742258,0.000831669,0.000919678,0.00100602,0.0010904,0.00117252,0.00125209,0.00132887,0.00140268,0.0122978,0.0192719,0.0222883,0.0212272,0.0156944,0.00433643,0.00313885,0.0031574,0.00317075,0.0031784,0.00318041,0.00317703,0.00316853,0.00315517,0.00313721,0.00311487,0.00308839,0.00305797,0.00302384,0.0029862,0.00294527,0.00290126,0.00285438,0.00280484,0.00275282,0.00269852,0.0026421,0.00258375,0.00252361,0.00246185,0.00239859,0.00233397,0.00226812,0.00220115,0.00213316,0.00206427,0.00199456,0.00192413,0.00185304,0.00178138,0.00170922,0.00163661,0.00156363,0.00149031,0.00141671,0.00134287,0.00126883,0.00119462,0.00112028,0.00104582,0.000971284,0.000896679,0.000822022,0.000747332,0.000672616,0.000597886,0.000523146,0.000448405,0.000373663,0.000298925,0.000224189,0.000149457,7.47279e-05,0
0,8.89764e-05,0.000177841,0.000266477,0.000354761,0.000442555,0.000529703,0.000616027,0.000701316,0.000785324,0.000867762,0.000948293,0.00102654,0.00110208,0.00117452,0.00124348,0.00130878,0.0106404,0.0161038,0.0177596,0.0157344,0.0103784,0.00284962,0.00289154,0.0029207,0.00294119,0.0029546,0.00296173,0.00296311,0.00295914,0.00295018,0.00293653,0.00291845,0.00289621,0.00287005,0.00284019,0.00280686,0.00277027,0.00273062,0.00268814,0.00264301,0.00259542,0.00254555,0.00249357,0.00243966,0.00238395,0.00232661,0.00226776,0.00220753,0.00214605,0.00208342,0.00201977,0.00195517,0.00188973,0.00182354,0.00175667,0.00168919,0.00162118,0.00155269,0.00148379,0.00141453,0.00134495,0.0012751,0.00120503,0.00113475,0.0010643,0.000993722,0.000923029,0.00085224,0.00078138,0.000710458,0.000639494,0.000568493,0.000497468,0.000426423,0.000355367,0.0002843,0.000213229,0.000142154,7.10777e-05,0
0,8.40997e-05,0.000168088,0.000251848,0.000335256,0.000418172,0.000500436,0.00058186,0.00066222,0.000741242,0.000818594,0.000893866,0.00096657,0.00103613,0.00110193,0.00116339,0.0012201,0.00892985,0.012796,0.0129091,0.00941564,0.00256912,0.00261871,0.00266261,0.00269648,0.00272185,0.00273987,0.00275136,0.0027569,0.00275697,0.00275196,0.00274222,0.00272805,0.00270971,0.00268747,0.00266157,0.00263223,0.00259967,0.0025641,0.00252573,0.00248474,0.00244131,0.00239563,0.00234786,0.00229816,0.00224667,0.00219355,0.00213892,0.00208291,0.00202563,0.0019672,0.00190773,0.0018473,0.00178601,0.00172394,0.00166117,0.00159778,0.00153383,0.00146938,0.00140449,0.00133922,0.0012736,0.00120769,0.00114151,0.00107512,0.00100854,0.000941794,0.000874911,0.000807916,0.000740825,0.000673657,0.000606424,0.000539143,0.000471819,0.000404464,0.000337084,0.000269687,0.000202276,0.000134856,6.74291e-05,0
0,7.9384e-05,0.000158663,0.000237728,0.000316461,0.000394729,0.000472379,0.000549229,0.000625053,0.00069957,0.000772422,0.000843142,0.000911127,0.000975603,0.00103562,0.00109012,0.00113818,0.0071303,0.00926956,0.00762898,0.00230262,0.00235077,0.00240349,0.00244815,0.00248452,0.00251311,0.00253457,0.00254955,0.00255858,0.00256212,0.00256059,0.00255432,0.00254364,0.00252884,0.00251018,0.00248791,0.00246225,0.00243342,0.00240164,0.0023671,0.00232998,0.00229047,0.00224874,0.00220495,0.00215924,0.00211177,0.00206268,0.00201209,0.00196012,0.00190689,0.00185251,0.00179708,0.00174068,0.00168342,0.00162536,0.0015666,0.00150719,0.00144721,0.00138672,0.00132576,0.0012644,0.00120268,0.00114065,0.00107833,0.00101578,0.000953013,0.000890066,0.000826967,0.000763733,0.00070039,0.000636951,0.000573435,0.000509853,0.00044622,0.000382542,0.000318832,0.000255094,0.000191338,0.000127566,6.37853e-05,0
0,7.48198e-05,0.000149547,0.000224087,0.000298336,0.000372178,0.000445478,0.000518076,0.00058977,0.0006603,0.000729322,0.000796359,0.00086074,0.000921499,0.000977252,0.00102612,0.00106594,0.00525503,0.00556256,0.00203324,0.00208604,0.00214654,0.00219988,0.00224564,0.00228378,0.00231462,0.00233864,0.00235633,0.00236817,0.00237461,0.00237603,0.00237279,0.0023652,0.00235355,0.00233811,0.00231913,0.00229684,0.00227145,0.00224317,0.00221219,0.00217869,0.00214285,0.00210483,0.00206479,0.00202288,0.00197923,0.00193398,0.00188725,0.00183916,0.00178983,0.00173935,0.00168782,0.00163533,0.00158197,0.00152782,0.00147296,0.00141744,0.00136134,0.00130472,0.00124763,0.00119012,0.00113223,0.00107402,0.00101551,0.000956744,0.000897754,0.000838572,0.000779217,0.000719719,0.000660094,0.000600364,0.000540542,0.000480646,0.000420685,0.000360674,0.00030062,0.000240533,0.000180421,0.000120291,6.01482e-05,0
0,7.03884e-05,0.000140703,0.000210867,0.000280798,0.000350408,0.000419591,0.000488227,0.000556164,0.000623205,0.000689081,0.000753405,0.000815574,0.000874605,0.000928799,0.000975174,0.00100876,0.00334527,0.00175706,0.00181959,0.00189012,0.00195262,0.00200722,0.0020541,0.00209356,0.00212598,0.00215182,0.00217154,0.00218557,0.00219433,0.0021982,0.00219752,0.0021926,0.00218373,0.00217116,0.00215515,0.00213591,0.00211366,0.0020886,0.00206092,0.00203079,0.00199838,0.00196385,0.00192735,0.00188903,0.00184901,0.00180742,0.00176439,0.00172002,0.00167443,0.0016277,0.00157995,0.00153124,0.00148168,0.00143133,0.00138026,0.00132854,0.00127624,0.00122341,0.00117011,0.00111637,0.00106226,0.00100781,0.000953059,0.000898038,0.000842786,0.000787324,0.000731686,0.000675889,0.000619958,0.00056391,0.000507763,0.000451531,0.000395229,0.000338867,0.000282458,0.00022601,0.000169533,0.000113033,5.65202e-05,0
0,6.6064e-05,0.000132076,0.000197981,0.000263726,0.000329251,0.000394495,0.000459387,0.00052385,0.000587788,0.000651081,0.000713555,0.000774931,0.000834678,0.000891609,0.00094264,0.000978696,0.00146322,0.00154745,0.00163182,0.00170576,0.00177008,0.00182567,0.00187327,0.00191348,0.00194683,0.00197383,0.00199494,0.00201057,0.00202112,0.00202694,0.00202838,0.00202572,0.00201924,0.00200919,0.00199582,0.00197933,0.00195994,0.00193783,0.00191319,0.00188618,0.00185698,0.00182572,0.00179256,0.00175763,0.00172105,0.00168296,0.00164345,0.00160266,0.00156066,0.00151756,0.00147345,0.00142842,0.00138253,0.00133587,0.00128851,0.0012405,0.00119191,0.0011428,0.00109321,0.00104319,0.000992791,0.00094205,0.000890999,0.00083968,0.000788117,0.000736345,0.000684383,0.000632261,0.000579993,0.000527605,0.000475108,0.000422523,0.00036986,0.000317133,0.000264353,0.000211532,0.000158676,0.000105798,5.29025e-05,0
0,6.18154e-05,0.000123601,0.000185329,0.00024697,0.000308502,0.000369905,0.000431168,0.000492293,0.000553304,0.000614261,0.000675289,0.000736637,0.000798811,0.000862919,0.000931673,0.00101263,0.00125195,0.00136758,0.00145907,0.00153528,0.00160012,0.00165564,0.00170308,0.00174327,0.00177685,0.00180435,0.00182623,0.00184289,0.00185471,0.00186202,0.00186514,0.00186434,0.00185989,0.00185203,0.00184098,0.00182694,0.00181013,0.00179071,0.00176887,0.00174476,0.00171854,0.00169035,0.00166033,0.0016286,0.0015953,0.00156053,0.0015244,0.00148702,0.00144849,0.00140888,0.0013683,0.00132682,0.00128451,0.00124144,0.00119769,0.0011533,0.00110835,0.00106287,0.00101693,0.000970567,0.000923823,0.000876733,0.000829341,0.000781673,0.000733764,0.000685637,0.000637323,0.00058884,0.000540212,0.000491455,0.000442589,0.000393628,0.000344587,0.000295477,0.000246312,0.000197102,0.000147856,9.85848e-05,4.92967e-05,0
0,5.76098e-05,0.000115212,0.0001728,0.000230374,0.00028794,0.000345519,0.00040315,0.000460904,0.0005189,0.000577341,0.000636564,0.000697155,0.000760162,0.000827544,0.000903139,0.000994725,0.00111962,0.00122249,0.00130833,0.00138117,0.00144359,0.00149727,0.00154334,0.00158259,0.00161563,0.00164297,0.00166503,0.0016822,0.0016948,0.00170316,0.00170755,0.00170824,0.00170547,0.00169947,0.00169044,0.00167858,0.00166408,0.00164711,0.00162783,0.00160639,0.00158294,0.00155762,0.00153055,0.00150187,0.00147166,0.00144007,0.00140717,0.00137307,0.00133786,0.00130163,0.00126446,0.00122642,0.00118758,0.00114802,0.00110778,0.00106694,0.00102554,0.000983636,0.000941274,0.000898501,0.000855351,0.000811867,0.000768079,0.000724023,0.000679723,0.000635211,0.000590507,0.000545636,0.000500616,0.000455469,0.000410208,0.000364853,0.000319413,0.000273904,0.000228337,0.000182724,0.000137074,9.13977e-05,4.57031e-05,0
0,5.34157e-05,0.000106842,0.000160293,0.000213789,0.000267361,0.000321059,0.000374957,0.000429166,0.000483859,0.000539295,0.000595872,0.000654199,0.000715217,0.000780344,0.000851582,0.000931139,0.001019,0.00110191,0.00117635,0.00124205,0.00129965,0.00134988,0.00139342,0.00143085,0.00146264,0.0014892,0.00151091,0.00152808,0.00154103,0.00155001,0.0015553,0.00155713,0.00155572,0.00155127,0.00154398,0.00153404,0.0015216,0.00150684,0.0014899,0.00147093,0.00145006,0.00142742,0.00140313,0.00137731,0.00135006,0.00132148,0.00129167,0.00126072,0.00122872,0.00119575,0.00116188,0.00112717,0.00109172,0.00105556,0.00101876,0.000981377,0.000943463,0.000905061,0.00086622,0.000826976,0.000787373,0.00074744,0.000707215,0.000666724,0.000626,0.000585062,0.000543939,0.000502648,0.000461212,0.000419647,0.000377971,0.000336198,0.000294342,0.000252416,0.000210432,0.0001684,0.000126332,8.42363e-05,4.21227e-05,0
0,4.92063e-05,9.84375e-05,0.000147722,0.000197095,0.000246603,0.000296313,0.000346315,0.000396734,0.00044775,0.000499611,0.000552661,0.000607371,0.000664356,0.000724351,0.000788047,0.000855596,0.000925533,0.000993532,0.00105694,0.00111462,0.00116631,0.00121212,0.00125233,0.00128724,0.00131718,0.00134244,0.00136331,0.00138007,0.00139295,0.00140221,0.00140805,0.0014107,0.00141034,0.00140718,0.00140137,0.00139308,0.00138248,0.00136971,0.00135491,0.00133821,0.00131973,0.00129961,0.00127793,0.00125482,0.00123037,0.00120468,0.00117783,0.00114991,0.00112099,0.00109117,0.00106049,0.00102904,0.00099686,0.000964028,0.000930587,0.000896594,0.000862092,0.000827131,0.000791746,0.000755982,0.000719868,0.000683444,0.000646734,0.000609773,0.000572582,0.000535189,0.000497612,0.000459875,0.000421995,0.00038399,0.000345875,0.000307666,0.000269374,0.000231015,0.000192596,0.000154132,0.00011563,7.71018e-05,3.85553e-05,0
0,4.49615e-05,8.99569e-05,0.000135024,0.000180205,0.000225557,0.000271149,0.000317072,0.000363446,0.000410427,0.000458215,0.000507063,0.00055727,0.000609164,0.000663031,0.000718968,0.000776618,0.000834856,0.000891776,0.000945769,0.000995826,0.00104144,0.00108245,0.00111886,0.0011508,0.00117845,0.001202,0.00122166,0.00123763,0.00125011,0.00125931,0.00126541,0.0012686,0.00126903,0.00126689,0.00126232,0.00125547,0.0012465,0.00123551,0.00122266,0.00120805,0.0011918,0.00117402,0.00115481,0.00113427,0.00111248,0.00108954,0.00106553,0.00104052,0.00101459,0.000987809,0.000960237,0.000931935,0.000902965,0.000873375,0.000843221,0.000812545,0.000781396,0.00074981,0.000717831,0.000685489,0.000652823,0.000619857,0.000586627,0.000553153,0.000519464,0.000485579,0.000451522,0.00041731,0.000382962,0.000348493,0.000313919,0.000279253,0.000244509,0.000209697,0.00017483,0.000139917,0.000104968,6.99933e-05,3.5001e-05,0
0,4.06678e-05,8.13741e-05,0.00012216,0.000163072,0.000204166,0.000245508,0.000287181,0.000329285,0.000371943,0.000415297,0.000459508,0.000504742,0.000551133,0.000598735,0.000647426,0.000696797,0.000746083,0.000794239,0.000840273,0.00088343,0.000923225,0.000959394,0.000991836,0.00102056,0.00104563,0.00106717,0.00108531,0.00110021,0.00111202,0.00112089,0.00112698,0.00113045,0.00113144,0.0011301,0.00112656,0.00112095,0.0011134,0.00110403,0.00109294,0.00108026,0.00106608,0.0010505,0.00103362,0.00101551,0.000996264,0.000975962,0.000954675,0.000932476,0.000909427,0.000885596,0.000861037,0.00083581,0.000809962,0.000783548,0.000756608,0.000729189,0.000701329,0.000673068,0.000644438,0.000615475,0.000586206,0.000556663,0.000526869,0.000496851,0.000466628,0.000436225,0.000405657,0.000374946,0.000344105,0.000313151,0.000282096,0.000250956,0.000219741,0.000188462,0.00015713,0.000125755,9.4345e-05,6.29107e-05,3.14594e-05,0
0,3.6319e-05,7.26771e-05,0.000109115,0.000145679,0.000182418,0.000219393,0.000256671,0.00029433,0.000332457,0.000371145,0.000410485,0.000450547,0.000491362,0.000532875,0.000574906,0.000617103,0.000658939,0.000699762,0.000738924,0.000775881,0.000810231,0.00084171,0.000870175,0.000895571,0.000917908,0.000937241,0.000953655,0.000967253,0.000978152,0.000986473,0.000992344,0.000995886,0.000997227,0.000996486,0.000993783,0.000989229,0.000982936,0.000975006,0.000965543,0.000954639,0.000942389,0.000928876,0.000914186,0.000898394,0.000881578,0.000863804,0.000845143,0.000825654,0.0008054,0.000784433,0.000762811,0.000740579,0.000717788,0.000694477,0.000670693,0.00064647,0.000621848,0.000596857,0.000571533,0.000545902,0.000519994,0.000493831,0.000467441,0.000440843,0.000414059,0.000387107,0.000360005,0.000332769,0.000305415,0.000277954,0.000250402,0.000222768,0.000195066,0.000167305,0.000139494,0.000111642,8.3759e-05,5.58521e-05,2.793e-05,0
0,3.19141e-05,6.38649e-05,9.58906e-05,0.000128032,0.000160333,0.000192842,0.000225612,0.000258701,0.000292164,0.000326057,0.000360421,0.000395273,0.000430587,0.000466271,0.000502147,0.000537935,0.000573258,0.000607678,0.000640754,0.000672092,0.000701374,0.000728372,0.000752938,0.000774994,0.000794515,0.00081152,0.000826054,0.000838188,0.000848003,0.000855594,0.000861058,0.000864497,0.000866012,0.000865706,0.000863675,0.00086002,0.000854831,0.000848202,0.000840218,0.000830963,0.000820515,0.000808953,0.000796345,0.000782764,0.000768272,0.000752934,0.000736805,0.000719944,0.000702399,0.000684225,0.000665464,0.000646163,0.000626361,0.000606099,0.000585411,0.000564335,0.000542898,0.000521136,0.000499071,0.000476735,0.000454147,0.000431334,0.000408313,0.000385108,0.000361733,0.000338209,0.000314548,0.000290767,0.000266877,0.000242893,0.000218824,0.000194683,0.000170478,0.00014622,0.000121916,9.75765e-05,7.32071e-05,4.88167e-05,2.44118e-05,0
0,2.74563e-05,5.49452e-05,8.25001e-05,0.000110156,0.000137948,0.000165916,0.000194097,0.000222532,0.000251255,0.000280293,0.000309658,0.000339336,0.000369281,0.000399393,0.000429518,0.000459438,0.000488879,0.000517534,0.000545092,0.000571264,0.00059581,0.000618539,0.000639321,0.000658071,0.000674752,0.000689359,0.000701916,0.000712464,0.000721063,0.000727781,0.000732695,0.000735882,0.000737427,0.00073741,0.000735915,0.000733021,0.00072881,0.000723354,0.00071673,0.000709007,0.000700255,0.000690536,0.000679915,0.000668448,0.000656194,0.000643204,0.00062953,0.000615218,0.000600316,0.000584863,0.000568902,0.00055247,0.000535604,0.000518334,0.000500697,0.000482717,0.000464427,0.000445849,0.000427009,0.000407929,0.000388632,0.000369134,0.000349458,0.000329617,0.00030963,0.000289508,0.000269268,0.000248921,0.00022848,0.000207953,0.000187354,0.000166689,0.000145969,0.000125201,0.000104394,8.3553e-05,6.2687e-05,4.18017e-05,2.0904e-05,0
0,2.29517e-05,4.59308e-05,6.8965e-05,9.20824e-05,0.000115312,0.000138681,0.000162219,0.00018595,0.000209893,0.000234059,0.000258443,0.000283019,0.000307734,0.000332499,0.000357187,0.000381632,0.000405634,0.000428973,0.000451426,0.000472784,0.000492863,0.000511515,0.00052863,0.000544132,0.000557979,0.000570156,0.000580672,0.000589552,0.000596836,0.000602573,0.00060682,0.000609639,0.000611093,0.000611249,0.000610172,0.000607928,0.000604581,0.000600194,0.000594827,0.00058854,0.000581388,0.000573426,0.000564704,0.000555273,0.000545178,0.000534465,0.000523175,0.00051135,0.000499025,0.000486238,0.000473021,0.000459409,0.000445427,0.000431108,0.000416475,0.000401555,0.00038637,0.000370944,0.000355294,0.000339442,0.000323404,0.000307199,0.000290839,0.000274342,0.000257718,0.000240982,0.000224143,0.000207215,0.000190204,0.000173123,0.000155978,0.000138778,0.00012153,0.000104241,8.69182e-05,6.95675e-05,5.21945e-05,3.48054e-05,1.74053e-05,0
0,1.84078e-05,3.68373e-05,5.53104e-05,7.38487e-05,9.24737e-05,0.000111206,0.000130064,0.000149063,0.000168212,0.000187512,0.000206952,0.000226503,0.000246115,0.000265717,0.000285209,0.000304466,0.000323346,0.00034169,0.000359341,0.000376147,0.000391974,0.000406709,0.000420265,0.000432579,0.000443613,0.000453349,0.000461787,0.000468942,0.000474839,0.000479513,0.000483006,0.000485363,0.000486633,0.000486866,0.000486114,0.000484426,0.000481855,0.000478448,0.000474255,0.000469322,0.000463693,0.000457412,0.00045052,0.000443055,0.000435057,0.00042656,0.000417598,0.000408203,0.000398406,0.000388234,0.000377717,0.000366878,0.000355743,0.000344333,0.000332671,0.000320775,0.000308666,0.00029636,0.000283875,0.000271224,0.000258424,0.000245485,0.000232424,0.000219249,0.000205972,0.000192603,0.000179152,0.000165626,0.000152035,0.000138384,0.000124683,0.000110936,9.71502e-05,8.33309e-05,6.9484e-05,5.56139e-05,4.1726e-05,2.78246e-05,1.39145e-05,0
0,1.38326e-05,2.76813e-05,4.1562e-05,5.54905e-05,6.94818e-05,8.35497e-05,9.77063e-05,0.00011196,0.000126314,0.000140766,0.000155302,0.000169898,0.000184514,0.000199095,0.000213569,0.000227847,0.000241829,0.000255408,0.000268474,0.000280922,0.000292658,0.000303602,0.000313689,0.000322872,0.000331118,0.000338413,0.000344753,0.000350145,0.000354606,0.000358158,0.000360831,0.000362657,0.000363669,0.000363906,0.000363404,0.000362201,0.000360333,0.000357839,0.000354752,0.000351108,0.00034694,0.000342282,0.000337162,0.000331611,0.000325657,0.000319327,0.000312646,0.000305638,0.000298326,0.000290733,0.000282877,0.000274779,0.000266456,0.000257926,0.000249204,0.000240307,0.000231247,0.000222039,0.000212694,0.000203224,0.000193641,0.000183954,0.000174172,0.000164305,0.00015436,0.000144345,0.000134267,0.000124134,0.00011395,0.000103721,9.34531e-05,8.31511e-05,7.2819e-05,6.24618e-05,5.20829e-05,4.16869e-05,3.1277e-05,2.0857e-05,1.04301e-05,0
0,9.23434e-06,1.84792e-05,2.77451e-05,3.70421e-05,4.63797e-05,5.57664e-05,6.52092e-05,7.47124e-05,8.4277e-05,9.38988e-05,0.000103568,0.000113265,0.000122965,0.000132629,0.000142211,0.000151654,0.000160894,0.000169865,0.000178497,0.000186724,0.000194486,0.000201732,0.000208418,0.000214513,0.000219997,0.000224855,0.000229086,0.000232691,0.000235682,0.000238072,0.000239878,0.000241122,0.000241825,0.000242012,0.000241707,0.000240934,0.000239718,0.000238083,0.000236053,0.00023365,0.000230898,0.000227816,0.000224427,0.000220749,0.000216801,0.000212601,0.000208167,0.000203513,0.000198656,0.00019361,0.000188388,0.000183004,0.000177469,0.000171795,0.000165993,0.000160073,0.000154044,0.000147915,0.000141695,0.00013539,0.000129009,0.000122559,0.000116045,0.000109473,0.00010285,9.61785e-05,8.94657e-05,8.27146e-05,7.593e-05,6.91151e-05,6.2274e-05,5.54095e-05,4.85252e-05,4.16235e-05,3.47077e-05,2.77799e-05,2.0843e-05,1.38991e-05,6.95068e-06,0
0,4.62091e-06,9.24705e-06,1.38835e-05,1.85353e-05,2.3207e-05,2.79026e-05,3.26253e-05,3.73769e-05,4.21574e-05,4.69642e-05,5.17919e-05,5.66308e-05,6.14672e-05,6.62825e-05,7.10535e-05,7.57528e-05,8.03495e-05,8.4811e-05,8.91039e-05,9.31964e-05,9.70591e-05,0.000100667,0.000103999,0.000107038,0.000109775,0.000112203,0.000114319,0.000116125,0.000117625,0.000118826,0.000119737,0.000120366,0.000120726,0.000120829,0.000120685,0.000120307,0.000119708,0.000118899,0.000117892,0.000116699,0.00011533,0.000113797,0.000112109,0.000110277,0.000108309,0.000106216,0.000104004,0.000101683,9.92593e-05,9.67413e-05,9.4135e-05,9.14474e-05,8.8684e-05,8.58511e-05,8.29535e-05,7.99969e-05,7.69855e-05,7.39241e-05,7.08166e-05,6.76672e-05,6.44791e-05,6.12562e-05,5.80012e-05,5.47176e-05,5.14074e-05,4.80739e-05,4.47189e-05,4.1345e-05,3.79539e-05,3.45479e-05,3.11284e-05,2.76974e-05,2.42562e-05,2.08065e-05,1.73495e-05,1.38866e-05,1.04189e-05,6.94787e-06,3.4745e-06,0
0,0,0,0,0,0,0,0,0,0,0,0,0,0,0,0,0,0,0,0,0,0,0,0,0,0,0,0,0,0,0,0,0,0,0,0,0,0,0,0,0,0,0,0,0,0,0,0,0,0,0,0,0,0,0,0,0,0,0,0,0,0,0,0,0,0,0,0,0,0,0,0,0,0,0,0,0,0,0,0,0
